CONNECT TO cs421;


INSERT INTO Stadium VALUES('Rose Bowl','USA',5);
INSERT INTO Stadium VALUES('Wembley','England',5);
INSERT INTO Stadium VALUES('Croke Park','Ireland',5);
INSERT INTO Stadium VALUES('Stade de France','France',5);
INSERT INTO Stadium VALUES('Estadio Monumental','Peru',5);

INSERT INTO Seat VALUES('RA',1,'Rose Bowl');
INSERT INTO Seat VALUES('RB',2,'Rose Bowl');
INSERT INTO Seat VALUES('RC',3,'Rose Bowl');
INSERT INTO Seat VALUES('RD',4,'Rose Bowl');
INSERT INTO Seat VALUES('RE',5,'Rose Bowl');
INSERT INTO Seat VALUES('WA',1,'Wembley');
INSERT INTO Seat VALUES('WB',2,'Wembley');
INSERT INTO Seat VALUES('WC',3,'Wembley');
INSERT INTO Seat VALUES('WD',4,'Wembley');
INSERT INTO Seat VALUES('WE',5,'Wembley');
INSERT INTO Seat VALUES('CA',1,'Croke Park');
INSERT INTO Seat VALUES('CB',2,'Croke Park');
INSERT INTO Seat VALUES('CC',3,'Croke Park');
INSERT INTO Seat VALUES('CD',4,'Croke Park');
INSERT INTO Seat VALUES('CE',5,'Croke Park');
INSERT INTO Seat VALUES('SA',1,'Stade de France');
INSERT INTO Seat VALUES('SB',2,'Stade de France');
INSERT INTO Seat VALUES('SC',3,'Stade de France');
INSERT INTO Seat VALUES('SD',4,'Stade de France');
INSERT INTO Seat VALUES('SE',5,'Stade de France');
INSERT INTO Seat VALUES('EA',1,'Estadio Monumental');
INSERT INTO Seat VALUES('EB',2,'Estadio Monumental');
INSERT INTO Seat VALUES('EC',3,'Estadio Monumental');
INSERT INTO Seat VALUES('ED',4,'Estadio Monumental');
INSERT INTO Seat VALUES('EE',5,'Estadio Monumental');


INSERT INTO Buyer VALUES(1234,'a@gmail.com','John Robert', 220);
INSERT INTO Buyer VALUES(5736,'r@gmail.com','Robby Johnson', 280);
INSERT INTO Buyer VALUES(4934,'m@gmail.com','Maria Perez', 250);
INSERT INTO Buyer VALUES(7495,'b@gmail.com','Bryson Tiller', 360);
INSERT INTO Buyer VALUES(2357,'d@gmail.com','Don Toliver', 150);

INSERT INTO Team VALUES('NZL', 'NZL', 'C', 'NZL');
INSERT INTO Team VALUES('AUS', 'AUS', 'B', 'AUS');
INSERT INTO Team VALUES('PHI', 'PHI', 'C', 'PHI');
INSERT INTO Team VALUES('NGA', 'NGA', 'B', 'NGA');
INSERT INTO Team VALUES('NOR', 'NOR', 'C', 'NOR');
INSERT INTO Team VALUES('IRL', 'IRL', 'B', 'IRL');
INSERT INTO Team VALUES('SUI', 'SUI', 'C', 'SUI');
INSERT INTO Team VALUES('CAN', 'CAN', 'B', 'CAN');
INSERT INTO Team VALUES('GER', 'GER', 'D', 'GER');
INSERT INTO Team VALUES('USA', 'USA', 'E', 'USA');
INSERT INTO Team VALUES('SWD', 'SWD', 'A', 'SWD');
INSERT INTO Team VALUES('SZL', 'SZL', 'A', 'SZL');
INSERT INTO Team VALUES('ITL', 'ITL', 'A', 'ITL');
INSERT INTO Team VALUES('FRA', 'FRA', 'G', 'FRA');
INSERT INTO Team VALUES('CHI', 'CHI', 'C', 'CHI');
INSERT INTO Team VALUES('ENG', 'ENG', 'F', 'ENG');
INSERT INTO Team VALUES('MEX', 'MEX', 'F', 'MEX');
INSERT INTO Team VALUES('ARG', 'ARG', 'E', 'ARG');
INSERT INTO Team VALUES('SPA', 'SPA', 'E', 'SPA');
INSERT INTO Team VALUES('JAP', 'JAP', 'C', 'JAP');
INSERT INTO Team VALUES('BZL', 'BZL', 'G', 'BZL');


INSERT INTO Match VALUES(1, 1, 45, '07/20/2023', '19:00:00', 'Rose Bowl', 'NZL', 1, 'NOR', 1);
INSERT INTO Match VALUES(2, 1, 45, '07/20/2023', '20:00:00', 'Wembley', 'AUS', 2, 'IRL', 0);
INSERT INTO Match VALUES(3, 1, 45, '07/21/2023', '17:00:00', 'Croke Park', 'PHI', 2, 'SUI', 0);
INSERT INTO Match VALUES(4, 1, 45, '07/21/2023', '12:30:00', 'Stade de France', 'NGA', 1, 'CAN', 1);
INSERT INTO Match VALUES(5, 2, 45, '07/22/2023', '19:30:00', 'Estadio Monumental', 'NZL', 2, 'IRL', 0);
INSERT INTO Match VALUES(6, 2, 45, '07/22/2023', '10:00:00', 'Rose Bowl', 'NOR', 0, 'AUS', 1);
INSERT INTO Match VALUES(7, 2, 45, '07/23/2023', '19:00:00', 'Wembley', 'PHI', 1, 'CAN', 1);
INSERT INTO Match VALUES(8, 2, 45, '07/23/2023', '20:00:00', 'Croke Park', 'NGA', 0, 'SUI', 1);
INSERT INTO Match VALUES(9, 3, 45, '07/24/2023', '17:00:00', 'Stade de France', 'NZL', 1, 'AUS', 1);
INSERT INTO Match VALUES(10, 3, 45, '07/24/2023', '20:00:00', 'Estadio Monumental', 'CAN', 0, 'SUI', 2);
INSERT INTO Match VALUES(11, 4, 45, '07/25/2023', '19:00:00', 'Rose Bowl', 'AUS', 1, 'SUI', 1);
INSERT INTO Match VALUES(65, 4, 45, '07/25/2023', '19:00:00', 'Rose Bowl', 'AUS', 1, 'SUI', 1);

INSERT INTO Ticket VALUES('1',FALSE,'normal', 'RA', 1, 1234, 1, 100);
INSERT INTO Ticket VALUES('2',FALSE,'normal', 'RB', 2, 1234, 1, 120);
INSERT INTO Ticket VALUES('3',FALSE,'normal', 'RC', 3, 5736, 1, 120);
INSERT INTO Ticket VALUES('4',FALSE,'normal', 'RD', 4, 5736, 1, 130);
INSERT INTO Ticket VALUES('5',FALSE,'normal', 'CC', 3, 4934, 3, 130);
INSERT INTO Ticket VALUES('6',FALSE,'vip', 'CD', 4, 4934, 3, 141);
INSERT INTO Ticket VALUES('7',FALSE,'normal', 'SE', 5, 7495, 4, 148);
INSERT INTO Ticket VALUES('8',FALSE,'normal', 'RE', 5, 7495, 5, 155);


INSERT INTO TeamMember VALUES(1, 'Cara', '05/01/2002', 'NGA');
INSERT INTO TeamMember VALUES(2, 'Lexi ', '05/12/2002', 'NZL');
INSERT INTO TeamMember VALUES(3, 'Christine Sinclair', '05/10/2002', 'NOR');
INSERT INTO TeamMember VALUES(4, 'Tomos', '01/01/2002', 'PHI');
INSERT INTO TeamMember VALUES(5, 'Nell', '05/11/2003', 'AUS');
INSERT INTO TeamMember VALUES(6, 'Sarah', '04/01/1999', 'AUS');
INSERT INTO TeamMember VALUES(7, 'Angel', '02/01/2000', 'NZL');
INSERT INTO TeamMember VALUES(8, 'Sallie', '05/01/1998', 'AUS');
INSERT INTO TeamMember VALUES(9, 'Sana', '03/01/1997', 'AUS');
INSERT INTO TeamMember VALUES(10, 'Pamela', '05/12/2002', 'AUS');
INSERT INTO TeamMember VALUES(11, 'Alexa', '05/10/2002', 'NZL');
INSERT INTO TeamMember VALUES(12, 'Erin', '01/01/2002', 'PHI');
INSERT INTO TeamMember VALUES(13, 'Aamia', '05/11/2003', 'PHI');
INSERT INTO TeamMember VALUES(14, 'Naima', '04/01/1999', 'PHI');
INSERT INTO TeamMember VALUES(15, 'Nama', '02/01/2000', 'PHI');
INSERT INTO TeamMember VALUES(16, 'Leyla', '05/01/1998', 'NGA');
INSERT INTO TeamMember VALUES(17, 'Laila', '03/01/1997', 'NZL');
INSERT INTO TeamMember VALUES(18, 'Lala', '05/12/2002', 'NGA');
INSERT INTO TeamMember VALUES(19, 'Yaya', '05/10/2002', 'NGA');
INSERT INTO TeamMember VALUES(20, 'Kam', '01/01/2002', 'NGA');
INSERT INTO TeamMember VALUES(21, 'Kim', '05/11/2003', 'NZL');
INSERT INTO TeamMember VALUES(22, 'Ray', '04/01/1999', 'NOR');
INSERT INTO TeamMember VALUES(23, 'Rin', '02/01/2000', 'NOR');
INSERT INTO TeamMember VALUES(24, 'Tammy', '05/01/1998', 'NOR');
INSERT INTO TeamMember VALUES(25, 'Tim', '03/01/1997', 'NOR');
INSERT INTO TeamMember VALUES(26, 'Tommy', '05/12/2002', 'IRL');
INSERT INTO TeamMember VALUES(27, 'Harry', '05/10/2002', 'IRL');
INSERT INTO TeamMember VALUES(28, 'Pam', '01/01/2002', 'IRL');
INSERT INTO TeamMember VALUES(29, 'Fin', '05/11/2003', 'IRL');
INSERT INTO TeamMember VALUES(30, 'Chanel', '04/01/1999', 'IRL');
INSERT INTO TeamMember VALUES(31, 'Luis', '02/01/2000', 'SUI');
INSERT INTO TeamMember VALUES(32, 'Louise', '05/01/1998', 'SUI');
INSERT INTO TeamMember VALUES(33, 'Ben', '03/01/1997', 'SUI');
INSERT INTO TeamMember VALUES(34, 'Benny', '05/12/2002', 'SUI');
INSERT INTO TeamMember VALUES(35, 'Leo', '05/10/2002', 'SUI');
INSERT INTO TeamMember VALUES(36, 'Leondreh', '01/01/2002', 'CAN');
INSERT INTO TeamMember VALUES(37, 'Stephen', '05/11/2003', 'CAN');
INSERT INTO TeamMember VALUES(38, 'Adrian', '04/01/1999', 'CAN');
INSERT INTO TeamMember VALUES(39, 'Alkaly', '02/01/2000', 'CAN');
INSERT INTO TeamMember VALUES(40, 'Karolina', '05/01/1998', 'CAN');
INSERT INTO TeamMember VALUES(41, 'Milo', '02/11/2001', 'ARG');
INSERT INTO TeamMember VALUES(42, 'Ezekie', '04/05/1996', 'MEX');
INSERT INTO TeamMember VALUES(43, 'Joseph', '06/29/2000', 'MEX');
INSERT INTO TeamMember VALUES(44, 'Sage', '12/09/1998', 'CHI');
INSERT INTO TeamMember VALUES(45, 'Brian', '03/01/1997', 'CHI');
INSERT INTO TeamMember VALUES(46, 'Sean', '08/12/2002', 'SPA');
INSERT INTO TeamMember VALUES(47, 'Harry', '05/10/2000', 'SZL');
INSERT INTO TeamMember VALUES(48, 'Noah', '01/01/2002', 'SZL');
INSERT INTO TeamMember VALUES(49, 'Ivan', '05/11/2003', 'SZL');
INSERT INTO TeamMember VALUES(50, 'Hayden', '08/06/1999', 'SWD');
INSERT INTO TeamMember VALUES(51, 'Mika', '09/01/1998', 'SWD');
INSERT INTO TeamMember VALUES(52, 'James', '04/06/1996', 'SWD');
INSERT INTO TeamMember VALUES(53, 'Lars', '12/01/2000', 'ITLI');
INSERT INTO TeamMember VALUES(54, 'Mikael', '09/04/1998', 'ITL');
INSERT INTO TeamMember VALUES(55, 'Anders', '07/01/1997', 'SWD');
INSERT INTO TeamMember VALUES(56, 'Chibi', '11/12/2002', 'JAP');
INSERT INTO TeamMember VALUES(57, 'Asahi', '11/10/2002', 'JAP');
INSERT INTO TeamMember VALUES(58, 'Chad', '11/01/1998', 'USA');
INSERT INTO TeamMember VALUES(59, 'Johan', '10/01/1997', 'USA');
INSERT INTO TeamMember VALUES(60, 'Klaus', '10/12/2002', 'GER');
INSERT INTO TeamMember VALUES(61, 'Hans', '10/10/2002', 'GER');

INSERT INTO Player VALUES(1, 'D', 1);
INSERT INTO Player VALUES(2, 'D', 2);
INSERT INTO Player VALUES(3, 'M', 3);
INSERT INTO Player VALUES(4, 'M', 4);
INSERT INTO Player VALUES(5, 'G', 5);
INSERT INTO Player VALUES(6, 'D', 6);
INSERT INTO Player VALUES(7, 'D', 7);
INSERT INTO Player VALUES(8, 'M', 8);
INSERT INTO Player VALUES(9, 'M', 9);
INSERT INTO Player VALUES(10, 'G', 10);
INSERT INTO Player VALUES(11, 'D', 11);
INSERT INTO Player VALUES(12, 'D', 12);
INSERT INTO Player VALUES(13, 'M', 13);
INSERT INTO Player VALUES(14, 'M', 14);
INSERT INTO Player VALUES(15, 'G', 15);
INSERT INTO Player VALUES(16, 'D', 16);
INSERT INTO Player VALUES(17, 'D', 17);
INSERT INTO Player VALUES(18, 'M', 18);
INSERT INTO Player VALUES(19, 'M', 19);
INSERT INTO Player VALUES(20, 'G', 20);
INSERT INTO Player VALUES(21, 'D', 21);
INSERT INTO Player VALUES(22, 'D', 22);
INSERT INTO Player VALUES(23, 'M', 23);
INSERT INTO Player VALUES(24, 'M', 24);
INSERT INTO Player VALUES(25, 'G', 25);
INSERT INTO Player VALUES(26, 'D', 26);
INSERT INTO Player VALUES(27, 'D', 27);
INSERT INTO Player VALUES(28, 'M', 28);
INSERT INTO Player VALUES(29, 'M', 29);
INSERT INTO Player VALUES(30, 'G', 30);
INSERT INTO Player VALUES(31, 'D', 31);
INSERT INTO Player VALUES(32, 'D', 32);
INSERT INTO Player VALUES(33, 'M', 33);
INSERT INTO Player VALUES(34, 'M', 34);
INSERT INTO Player VALUES(35, 'G', 35);
INSERT INTO Player VALUES(36, 'D', 36);
INSERT INTO Player VALUES(37, 'D', 37);
INSERT INTO Player VALUES(38, 'M', 38);
INSERT INTO Player VALUES(39, 'M', 39);
INSERT INTO Player VALUES(40, 'G', 40);
INSERT INTO Player VALUES(41, 'M', 19);
INSERT INTO Player VALUES(42, 'G', 20);
INSERT INTO Player VALUES(43, 'D', 21);
INSERT INTO Player VALUES(44, 'D', 22);
INSERT INTO Player VALUES(45, 'M', 23);
INSERT INTO Player VALUES(46, 'M', 24);
INSERT INTO Player VALUES(47, 'G', 25);
INSERT INTO Player VALUES(48, 'D', 26);
INSERT INTO Player VALUES(49, 'D', 27);
INSERT INTO Player VALUES(50, 'M', 28);
INSERT INTO Player VALUES(51, 'M', 29);
INSERT INTO Player VALUES(52, 'G', 30);
INSERT INTO Player VALUES(53, 'D', 31);
INSERT INTO Player VALUES(54, 'D', 32);
INSERT INTO Player VALUES(55, 'M', 33);
INSERT INTO Player VALUES(56, 'M', 34);
INSERT INTO Player VALUES(57, 'G', 35);
INSERT INTO Player VALUES(58, 'D', 36);
INSERT INTO Player VALUES(59, 'D', 37);
INSERT INTO Player VALUES(60, 'M', 38);
INSERT INTO Player VALUES(61, 'M', 39);


INSERT INTO Goal VALUES(1,1,3, 10, FALSE);
INSERT INTO Goal VALUES(1,2,22, 23, FALSE);
INSERT INTO Goal VALUES(1,3,3, 45, TRUE);
INSERT INTO Goal VALUES(2,1,10, 20, FALSE);
INSERT INTO Goal VALUES(2,2,8, 23, FALSE);
INSERT INTO Goal VALUES(3,1,12, 34, FALSE);
INSERT INTO Goal VALUES(3,2,12, 40, FALSE);
INSERT INTO Goal VALUES(4,1,19, 12, FALSE);
INSERT INTO Goal VALUES(4,2,37, 17, FALSE);
INSERT INTO Goal VALUES(4,3,17, 45, TRUE);
INSERT INTO Goal VALUES(5,1,3, 7, FALSE);
INSERT INTO Goal VALUES(5,2,4, 23, FALSE);
INSERT INTO Goal VALUES(6,1,7, 13, FALSE);
INSERT INTO Goal VALUES(7,1,36, 23, FALSE);
INSERT INTO Goal VALUES(7,2,12, 29, FALSE);
INSERT INTO Goal VALUES(7,3,38, 45, TRUE);
INSERT INTO Goal VALUES(8,1,34, 4, FALSE);
INSERT INTO Goal VALUES(9,1,8, 20, FALSE);
INSERT INTO Goal VALUES(9,2,1, 32, FALSE);
INSERT INTO Goal VALUES(9,3,9, 45, TRUE);
INSERT INTO Goal VALUES(10,1,32, 16, FALSE);
INSERT INTO Goal VALUES(10,2,31, 23, FALSE);
INSERT INTO Goal VALUES(11,1,9, 19, FALSE);
INSERT INTO Goal VALUES(11,2,33, 22, FALSE);
INSERT INTO Goal VALUES(11,3,32, 45, TRUE);

INSERT INTO PlaysMatch VALUES(1, 2, '19:00:00', '19:45:00', 'D',1,  FALSE);
INSERT INTO PlaysMatch VALUES(1, 3, '19:00:00', '19:45:00', 'M',0,  FALSE);
INSERT INTO PlaysMatch VALUES(1, 4, '19:00:00', '19:45:00', 'G',0,  FALSE);
INSERT INTO PlaysMatch VALUES(1, 21, '19:00:00', '19:45:00', 'D',0,  FALSE);
INSERT INTO PlaysMatch VALUES(1, 22, '19:15:00', '19:45:00', 'M',0,  FALSE);
INSERT INTO PlaysMatch VALUES(1, 23, '19:00:00', '19:30:00', 'G',0,  FALSE);
INSERT INTO PlaysMatch VALUES(2, 8, '20:15:00', '20:30:00', 'D',0,  FALSE);
INSERT INTO PlaysMatch VALUES(2, 9, '20:00:00', '20:30:00', 'M',0,  FALSE);
INSERT INTO PlaysMatch VALUES(2, 10, '20:15:00', '20:45:00', 'G',0,  FALSE);
INSERT INTO PlaysMatch VALUES(2, 26, '20:00:00', '20:30:00', 'D',0,  FALSE);
INSERT INTO PlaysMatch VALUES(2, 27, '20:00:00', '20:45:00', 'M',0,  FALSE);
INSERT INTO PlaysMatch VALUES(2, 28, '20:00:00', '20:30:00', 'G',0,  FALSE);
INSERT INTO PlaysMatch VALUES(3, 12, '17:20:00', '17:45:00', 'D',1,  FALSE);
INSERT INTO PlaysMatch VALUES(3, 11, '17:00:00', '17:30:00', 'M',1,  FALSE);
INSERT INTO PlaysMatch VALUES(3, 15, '17:00:00', '17:30:00', 'G',1,  FALSE);
INSERT INTO PlaysMatch VALUES(3, 31, '17:00:00', '17:45:00', 'D',0,  FALSE);
INSERT INTO PlaysMatch VALUES(3, 33, '17:15:00', '17:45:00', 'M',0,  FALSE);
INSERT INTO PlaysMatch VALUES(3, 34, '17:00:00', '17:45:00', 'G',0,  FALSE);
INSERT INTO PlaysMatch VALUES(4, 19, '12:00:00', '12:30:00', 'D',0,  FALSE);
INSERT INTO PlaysMatch VALUES(4, 17, '12:15:00', '12:45:00', 'M',0,  FALSE);
INSERT INTO PlaysMatch VALUES(4, 20, '12:15:00', '12:45:00', 'G',0,  FALSE);
INSERT INTO PlaysMatch VALUES(4, 37, '12:00:00', '12:30:00', 'D',0,  FALSE);
INSERT INTO PlaysMatch VALUES(4, 38, '12:15:00', '12:45:00', 'M',0,  FALSE);
INSERT INTO PlaysMatch VALUES(4, 39, '12:00:00', '12:45:00', 'G',0,  FALSE);
INSERT INTO PlaysMatch VALUES(5, 3, '19:30:00', '20:15:00', 'D',1,  FALSE);
INSERT INTO PlaysMatch VALUES(5, 4, '19:45:00', '20:15:00', 'M',1,  FALSE);
INSERT INTO PlaysMatch VALUES(5, 2, '19:30:00', '20:00:00', 'G',2,  FALSE);
INSERT INTO PlaysMatch VALUES(5, 7, '19:30:00', '20:00:00', 'D',0,  FALSE);
INSERT INTO PlaysMatch VALUES(5, 8, '19:30:00', '20:00:00', 'M',0,  FALSE);
INSERT INTO PlaysMatch VALUES(5, 9, '19:45:00', '20:15:00', 'G',1,  FALSE);
INSERT INTO PlaysMatch VALUES(6, 23, '10:00:00', '10:35:00', 'D',1,  FALSE);
INSERT INTO PlaysMatch VALUES(6, 24, '10:00:00', '10:35:00', 'M',1,  FALSE);
INSERT INTO PlaysMatch VALUES(6, 25, '10:15:00', '10:45:00', 'G',1,  FALSE);
INSERT INTO PlaysMatch VALUES(6, 7, '10:00:00', '10:45:00', 'D',1,  FALSE);
INSERT INTO PlaysMatch VALUES(6, 9, '10:00:00', '10:35:00', 'M',0,  FALSE);
INSERT INTO PlaysMatch VALUES(6, 10, '10:00:00', '10:45:00', 'G',1,  FALSE);
INSERT INTO PlaysMatch VALUES(7, 12, '19:00:00', '19:45:00', 'D',1,  FALSE);
INSERT INTO PlaysMatch VALUES(7, 11, '19:00:00', '19:45:00', 'M',1,  FALSE);
INSERT INTO PlaysMatch VALUES(7, 13, '19:00:00', '19:45:00', 'G',0,  FALSE);
INSERT INTO PlaysMatch VALUES(7, 36, '19:00:00', '19:45:00', 'D',0,  FALSE);
INSERT INTO PlaysMatch VALUES(7, 38, '19:15:00', '19:45:00', 'M',0,  FALSE);
INSERT INTO PlaysMatch VALUES(7, 39, '19:15:00', '19:45:00', 'G',0,  FALSE);
INSERT INTO PlaysMatch VALUES(8, 19, '20:15:00', '20:35:00', 'D',0,  FALSE);
INSERT INTO PlaysMatch VALUES(8, 17, '20:00:00', '20:35:00', 'M',0,  FALSE);
INSERT INTO PlaysMatch VALUES(8, 20, '20:00:00', '20:35:00', 'G',0,  FALSE);
INSERT INTO PlaysMatch VALUES(8, 34, '20:00:00', '20:35:00', 'D',0,  FALSE);
INSERT INTO PlaysMatch VALUES(8, 31, '20:00:00', '20:45:00', 'M',0,  FALSE);
INSERT INTO PlaysMatch VALUES(8, 32, '20:00:00', '20:45:00', 'G',0,  FALSE);
INSERT INTO PlaysMatch VALUES(9, 1, '17:00:00', '17:45:00', 'D',0,  FALSE);
INSERT INTO PlaysMatch VALUES(9, 2, '17:00:00', '17:45:00', 'M',2,  FALSE);
INSERT INTO PlaysMatch VALUES(9, 3, '17:00:00', '17:45:00', 'G',1,  FALSE);
INSERT INTO PlaysMatch VALUES(9, 9, '17:00:00', '17:45:00', 'D',1,  FALSE);
INSERT INTO PlaysMatch VALUES(9, 8, '17:30:00', '17:45:00', 'M',1,  FALSE);
INSERT INTO PlaysMatch VALUES(9, 7, '17:30:00', '17:45:00', 'G',1,  FALSE);
INSERT INTO PlaysMatch VALUES(10, 39, '20:00:00', '20:45:00', 'D',1,  FALSE);
INSERT INTO PlaysMatch VALUES(10, 37, '20:00:00', '20:45:00', 'M',1,  FALSE);
INSERT INTO PlaysMatch VALUES(10, 38, '20:00:00', '20:45:00', 'G',1,  FALSE);
INSERT INTO PlaysMatch VALUES(10, 32, '20:00:00', '20:45:00', 'D',1,  FALSE);
INSERT INTO PlaysMatch VALUES(10, 31, '20:00:00', '20:45:00', 'M',1,  FALSE);
INSERT INTO PlaysMatch VALUES(10, 34, '20:00:00', '20:45:00', 'G',0,  FALSE);
INSERT INTO PlaysMatch VALUES(11, 9, '19:00:00', '19:30:00', 'D',1,  FALSE);
INSERT INTO PlaysMatch VALUES(11, 7, '19:00:00', '19:45:00', 'M',1,  FALSE);
INSERT INTO PlaysMatch VALUES(11, 8, '19:00:00', '19:30:00', 'G',1,  FALSE);
INSERT INTO PlaysMatch VALUES(11, 34, '19:00:00', '19:45:00', 'D',1,  FALSE);
INSERT INTO PlaysMatch VALUES(11, 33, '19:00:00', '19:45:00', 'M',0,  FALSE);
INSERT INTO PlaysMatch VALUES(11, 32, '19:00:00', '19:45:00', 'G',0,  FALSE);
